,HBB,ALAS2,CD93,HTN3,STATH,BPIFA1,MUC4,MYOZ1,CYP2B7P1,MMP10,MMP7,MMP11,SEMG1,KLK3,PRM1,RPS4Y1,XIST,ACTB,18S-rRNA,replicate_value
Semen.fertile+Vaginal.mucosa,,,,,,,7891,6590,366,,,,4218,778,6497,7854,6125,2770,7641,1
Semen.fertile+Vaginal.mucosa,,,,,,,6922,7460,287,,,,3889,1209,6593,7783,5629,2352,7377,2
Semen.fertile+Vaginal.mucosa,,,,,,,7719,8860,372,,,,7739,1494,5791,7185,5022,3426,7495,1
Semen.fertile+Vaginal.mucosa,,,,,,,5137,8893,209,,,,5783,1814,5829,7162,5035,2517,7424,2
Semen.fertile+Vaginal.mucosa,,,,,,,8229,2703,565,,,,1167,,7601,2043,6039,2026,7382,1
Semen.fertile+Vaginal.mucosa,,,,,,,7721,2830,189,,,,697,,7767,1424,6766,1676,7259,2
Semen.fertile+Vaginal.mucosa,,,,,,,8701,6011,513,,,,2920,535,6659,7128,5924,3216,7396,1
Semen.fertile+Vaginal.mucosa,,,,,,,8589,6216,544,,,,3616,1118,6385,7567,5497,2995,7291,2
Semen.fertile+Vaginal.mucosa,,,,,,,8295,2143,395,,,,926,256,7996,2331,6602,2123,7336,2
Semen.fertile+Vaginal.mucosa,,,,,,,1631,335,,,,,2907,408,6731,6167,2523,925,5078,1
Semen.fertile+Vaginal.mucosa,,,,,,,2751,927,,,,,2171,311,6832,4972,3651,1095,4952,2
Semen.fertile+Vaginal.mucosa,,,,,,,2671,9090,,,,,8787,2051,5830,7125,3127,2889,7426,1
Semen.fertile+Vaginal.mucosa,,,,,,,2557,9037,,,,,8788,3216,5866,6563,2867,2893,7205,2
Semen.fertile+Vaginal.mucosa,,,,,,,2819,2403,166,,,,1117,,7828,2695,5445,930,4674,1
Semen.fertile+Vaginal.mucosa,,,,,,,6231,2803,166,,,,1939,223,6819,3845,5603,1506,7100,2
Semen.fertile+Vaginal.mucosa,,,,,,,4121,2752,1541,,,,327,436,7036,4612,6398,2829,7573,1
Semen.fertile+Vaginal.mucosa,,,,,,,4680,3319,1487,,,,675,512,7290,5782,6154,1797,7404,2
Semen.fertile+Vaginal.mucosa,,,,,,,3163,2198,1201,,,,4587,1167,6269,7354,5441,2739,7504,1
Semen.fertile+Vaginal.mucosa,,,,,,,2963,6714,854,,,,2932,1168,6275,7529,5697,1860,7356,2
Semen.fertile+Vaginal.mucosa,,,,,,,7716,1907,1232,,,,1245,950,7080,1980,5869,1838,7289,1
Semen.fertile+Vaginal.mucosa,,,,,,,2115,583,496,,,,,257,7693,2508,6648,1411,6002,2
Semen.fertile+Vaginal.mucosa,,,,,,,4285,4344,1551,,,,323,511,6854,5675,5933,2639,7463,1
Semen.fertile+Vaginal.mucosa,,,,,,,6040,3219,2166,,,,971,775,6625,7590,5498,2378,7180,2
Semen.fertile+Vaginal.mucosa,,,,,,,6242,3946,2286,,,,495,680,6136,7122,5333,3316,7193,1
Semen.fertile+Vaginal.mucosa,,,,,,,4898,2248,1476,,,,729,618,7028,7091,5799,2010,7448,2
Semen.fertile+Vaginal.mucosa,,,,,,,2250,382,319,,,,851,991,6808,7446,4229,1084,6115,1
Semen.fertile+Vaginal.mucosa,,,,,,,1360,826,410,,,,,,4801,1301,4723,692,3305,1
Semen.fertile+Vaginal.mucosa,,,,,,,2281,909,639,,,,326,228,6418,2254,6868,793,4979,2
Semen.fertile+Vaginal.mucosa,,,,,,,3193,672,523,,,,544,459,8453,1055,6567,979,6377,1
Semen.fertile+Vaginal.mucosa,,,,,,,2076,677,521,,,,,284,7506,2582,6111,1326,6236,2
Semen.fertile+Vaginal.mucosa,,,,,,,8438,2891,411,,,,4781,946,6635,7593,6034,3015,7786,1
Semen.fertile+Vaginal.mucosa,,,,,,,7396,1529,292,,,,4186,1302,6546,7566,5540,3067,7261,2
Semen.fertile+Vaginal.mucosa,,,,,,,7768,8415,332,,,,7401,1394,6131,7168,5051,4664,6891,1
Semen.fertile+Vaginal.mucosa,,,,,,,5637,5886,204,,,,2822,883,6863,7523,5975,3390,7110,2
Semen.fertile+Vaginal.mucosa,,,,,,,7699,2488,431,,,,3132,389,6350,6470,5781,2557,7133,1
Semen.fertile+Vaginal.mucosa,,,,,,,6518,2434,,,,,1656,246,7143,3773,6193,2121,7663,2
Semen.fertile+Vaginal.mucosa,,,,,,,8866,8078,809,,,,7887,1575,5930,6732,4800,5597,6677,1
Semen.fertile+Vaginal.mucosa,,,,,,,8259,4003,441,,,,5952,1918,5776,6812,5061,3561,6973,2
Semen.fertile+Vaginal.mucosa,,,,,,,8895,8970,556,,,,7706,1370,5880,6865,5093,4692,7065,1
Semen.fertile+Vaginal.mucosa,,,,,,,7818,8300,329,,,,4794,1532,6309,7450,5344,3170,7320,2
Semen.fertile+Vaginal.mucosa,,,,,,,3113,522,,,,,1091,,8050,2110,4244,1632,7397,1
Semen.fertile+Vaginal.mucosa,,,,,,,3128,891,,,,,688,,8339,1535,3844,1605,7263,2
Semen.fertile+Vaginal.mucosa,,,,,,,3864,1446,,,,,1830,310,8194,3384,4193,1974,7398,1
Semen.fertile+Vaginal.mucosa,,,,,,,3015,1937,,,212,,1612,463,7885,3650,3442,2192,7538,2
Semen.fertile+Vaginal.mucosa,,,,,,,4311,1139,256,,,,1875,241,7030,4213,5973,1851,7426,1
Semen.fertile+Vaginal.mucosa,,,,,,,6874,2933,163,,158,,1917,229,6900,3877,5675,2278,7559,2
Semen.fertile+Vaginal.mucosa,,,,,,,3982,2270,1247,,196,,278,420,7375,4338,6873,2254,7923,1
Semen.fertile+Vaginal.mucosa,,,,,,,5863,2313,1627,,,,737,545,7341,6970,5753,2855,6972,2
Semen.fertile+Vaginal.mucosa,,,,,,,3508,2194,1110,,,,476,731,7108,7568,6205,2074,7511,1
Semen.fertile+Vaginal.mucosa,,,,,,,3602,4290,963,,,,879,714,7242,7600,6438,1612,7498,2
Semen.fertile+Vaginal.mucosa,,,,,,,4271,1214,862,,,,1231,901,7232,2234,6175,2143,7408,1
Semen.fertile+Vaginal.mucosa,,,,,,,7537,1540,982,,,,,,4867,1223,6962,1824,7656,2
Semen.fertile+Vaginal.mucosa,,,,,,,4846,2699,1569,,,,326,526,7219,5671,6086,2724,7426,1
Semen.fertile+Vaginal.mucosa,,,164,,,,7669,3722,2415,,,,537,365,7364,4778,5388,2836,6876,2
Semen.fertile+Vaginal.mucosa,,,,,,,6998,4086,2216,,,,477,674,6486,7301,5624,3346,7163,1
Semen.fertile+Vaginal.mucosa,,,,,,,6148,2459,1756,,,,809,612,7117,7447,5775,2425,7242,2
Semen.fertile+Vaginal.mucosa,,,,,,,1133,228,196,,,,994,772,7744,2013,3666,941,4938,1
Semen.fertile+Vaginal.mucosa,,,,,,,1728,1608,187,,,,,265,8041,2858,3082,914,7077,2
Semen.fertile+Vaginal.mucosa,,,,,,,1481,746,414,,,,,,5036,1487,4604,922,5318,1
Semen.fertile+Vaginal.mucosa,,,,,,,1758,595,406,,,,1525,1279,6834,7370,4130,1272,7597,2
Semen.fertile+Vaginal.mucosa,,,,,,,2209,611,476,,,,630,517,8255,1347,6603,1463,6892,1
Semen.fertile+Vaginal.mucosa,,,,,,,4884,1001,639,,,,,275,7807,2785,6301,1359,7683,2
Saliva+Semen.fertile,241,,,4623,7725,,,,,,,,1569,397,7859,3529,,1941,7774,1
Saliva+Semen.fertile,565,,,3450,5744,,236,,,,,,1793,295,5820,3609,,1789,7494,2
Saliva+Semen.fertile,184,,,3590,6315,,,,,,,,2362,571,8179,5677,,1844,7570,1
Saliva+Semen.fertile,241,,,1569,2974,,,,,,,,1675,300,5490,3445,,1130,6692,2
Saliva+Semen.fertile,665,,,4985,7500,,,,,,,,810,159,2213,551,,2000,7399,1
Saliva+Semen.fertile,162,,,3785,5253,,565,,,,,,1188,,1921,1323,,463,6593,2
Saliva+Semen.fertile,284,,,5928,8414,,,,,,,,973,234,5634,2454,,2273,7076,1
Saliva+Semen.fertile,727,,,5489,7607,,363,,,,,,1435,237,4496,2787,,2228,7048,2
Saliva+Semen.fertile,487,,,8263,8812,,,,,,,,401,,1962,850,,2877,6854,1
Saliva+Semen.fertile,510,,,3683,6664,,255,,,,,,252,,793,472,,1425,7551,2
Saliva+Semen.fertile,,,,1269,2086,,,,,,,,2356,461,6614,1587,,1030,4433,1
Saliva+Semen.fertile,,,,1053,1488,,166,,,,,,3592,240,6100,4278,,333,2950,2
Saliva+Semen.fertile,,,,1281,2286,,,,,,,,3072,722,8037,7355,,1343,6603,1
Saliva+Semen.fertile,268,,,1098,1688,,,,,,,,4606,729,8086,7886,,1531,7261,2
Saliva+Semen.fertile,388,,,3154,4420,,,,,,,,1451,296,4281,1018,,1449,7134,1
Saliva+Semen.fertile,164,,,2998,4225,,475,,,,,,3489,274,5073,3838,,444,6424,2
Saliva+Semen.fertile,,,,4104,2320,,,,,,,,153,654,3595,7216,,1016,5048,1
Saliva+Semen.fertile,,,,3355,4330,,,,,,,,,222,1570,3121,,563,5515,2
Saliva+Semen.fertile,,,,3402,1836,,,,,,,,219,917,5491,7873,,1253,5994,1
Saliva+Semen.fertile,,,,2909,3747,,,,,,,,179,391,2645,5336,,728,5976,2
Saliva+Semen.fertile,,,,3040,3266,,,,,,,,,159,899,1576,,386,731,1
Saliva+Semen.fertile,,,,2537,2589,,153,,,,,,,,161,387,,479,636,2
Saliva+Semen.fertile,,,,6099,3510,,,,,,,,,404,2637,5056,,1116,5075,1
Saliva+Semen.fertile,,,,6900,7466,,,,,,,,,250,1631,3390,,805,7325,2
Saliva+Semen.fertile,,,,8113,5457,,,,,,,,,,958,1822,,1075,4876,1
Saliva+Semen.fertile,,,,4739,6383,,,,,,,,,,331,663,,443,6132,2
Saliva+Semen.fertile,,,,582,592,,,,,,,,,389,2369,4061,,522,966,1
Saliva+Semen.fertile,,,,665,782,,,,,,,,,,427,1080,,198,392,2
Saliva+Semen.fertile,,,,1237,593,,,,,,,,313,1283,7735,7528,,1350,6566,1
Saliva+Semen.fertile,,,,1454,1729,,,,,,,,319,675,4456,8294,,927,6128,2
Saliva+Semen.fertile,,,,1372,1356,,,,,,,,,230,1362,2356,,375,671,1
Saliva+Semen.fertile,,,,2364,2351,,156,,,,,,,167,443,1151,,502,809,2
Saliva+Semen.fertile,209,,,4322,7411,,,,,,,,1478,348,6754,2972,,4019,7317,1
Saliva+Semen.fertile,592,,,3926,5997,,528,,,,456,,2121,335,6167,3737,,4594,6666,2
Saliva+Semen.fertile,171,,,3861,6947,,,,,,,,2801,615,7998,5714,205,5266,6773,1
Saliva+Semen.fertile,417,,,2420,3590,,502,,,,583,,4595,715,7896,7387,165,5405,6881,2
Saliva+Semen.fertile,717,,,6061,7762,,,,,,,,981,176,2256,502,,3154,7048,1
Saliva+Semen.fertile,227,,,4590,6425,,715,,,,,,1583,,2131,1519,,1248,7681,2
Saliva+Semen.fertile,304,,,6500,8412,,,,,,,,1008,234,5293,2312,,4190,6900,1
Saliva+Semen.fertile,953,,,6912,8153,,703,,,,433,,1799,290,4731,3037,,4796,6777,2
Saliva+Semen.fertile,509,,,8331,8736,,,,,,,,377,,1621,672,,3661,6626,1
Saliva+Semen.fertile,569,,,4121,7318,,337,,,,,,305,,836,483,,2061,7288,2
Saliva+Semen.fertile,,,,1383,2223,,,,,,,,2244,419,5741,1319,,1709,7313,1
Saliva+Semen.fertile,,,,1131,1694,,171,,,,,,1879,409,8544,3931,,1125,6664,2
Saliva+Semen.fertile,,,,913,1493,,978,,,,,,2557,545,8295,5176,166,5872,6785,1
Saliva+Semen.fertile,329,,,1285,1956,,773,,,,1153,,5454,771,7974,7200,226,6321,6789,2
Saliva+Semen.fertile,333,,,2659,3841,,,,,,,,1251,245,3383,787,,1774,7336,1
Saliva+Semen.fertile,194,,,3516,4922,,565,,,,,,4080,290,5283,3957,,998,7579,2
Saliva+Semen.fertile,,,,4021,2233,,,,,,153,,,560,2979,5857,,1876,7802,1
Saliva+Semen.fertile,,,,5017,5897,,,,,,,,165,342,2210,4857,,1395,7375,2
Saliva+Semen.fertile,,,,3880,2107,,,,,,,,251,1043,5705,7539,,1957,7498,1
Saliva+Semen.fertile,,,,4092,4897,,,,,,,,276,579,3530,7410,,1182,7391,2
Saliva+Semen.fertile,,,,2989,3151,,,,,,,,,,748,1353,,1126,6726,1
Saliva+Semen.fertile,,,,3565,3480,,217,,,,,,,,153,430,,811,3092,2
Saliva+Semen.fertile,,,,6956,4000,,,,,,,,,450,2736,5354,,1878,7354,1
Saliva+Semen.fertile,,,,7961,8082,,,,,,,,159,350,1977,4352,,1176,7199,2
Saliva+Semen.fertile,,,,8972,6614,,,,,,,,,,1028,2039,,2074,7388,1
Saliva+Semen.fertile,,,,5524,7196,,,,,,,,,,290,630,,619,7325,2
Saliva+Semen.fertile,,,,942,887,,,,,,,,,490,2797,4821,,1385,7161,1
Saliva+Semen.fertile,,,,1324,630,,,,,,,,347,1351,7695,7396,,2078,7564,1
Saliva+Semen.fertile,,,,1552,1827,,,,,,,,374,755,4627,8042,,1216,7395,2
Saliva+Semen.fertile,,,,1591,1508,,,,,,,,,249,1400,2479,,928,4672,1
Saliva+Semen.fertile,,,,1923,1952,,,,,,,,,287,709,1925,,653,2788,2
Saliva+Vaginal.mucosa,,,360,3737,3800,,9052,789,4490,,,,,,,,7272,7387,7317,1
Saliva+Vaginal.mucosa,,,233,4007,3012,,8778,1752,7546,,,,,,,,6997,7124,7106,2
Saliva+Vaginal.mucosa,,,265,5435,5549,,8626,633,3280,,,,,,,,7034,7105,6937,1
Saliva+Vaginal.mucosa,,,,3790,3352,,6346,903,3475,,,,,,,,5809,7070,7082,2
Saliva+Vaginal.mucosa,,,703,1031,912,,8937,3624,7807,,,,,,,,6479,6778,6992,1
Saliva+Vaginal.mucosa,,,,967,1365,,7774,1180,3757,,,,,,,,5756,7094,7796,2
Saliva+Vaginal.mucosa,,,672,3070,3057,,,1173,7496,,,,,,,,5924,6671,7054,1
Saliva+Vaginal.mucosa,,,390,3124,2208,,8958,3235,9124,,,,,,,,6271,6698,6828,2
Saliva+Vaginal.mucosa,,,1049,1498,1458,,8528,2028,9256,,,,,,,,5651,6090,6999,1
Saliva+Vaginal.mucosa,,,348,995,660,,9015,2340,8889,,,,,,,,6825,7142,6854,2
Saliva+Vaginal.mucosa,,,183,3043,2956,,6257,958,2295,,,,,,,,4825,6531,7469,1
Saliva+Vaginal.mucosa,,,,1908,3222,,2137,328,886,,,,,,,,1464,3073,4815,2
Saliva+Vaginal.mucosa,,,,7344,7422,,4351,358,1248,,,,,,,,3465,6971,7243,1
Saliva+Vaginal.mucosa,,,,7019,5714,,3841,544,2098,,,,,,,,2592,6787,6873,2
Saliva+Vaginal.mucosa,,,424,1755,1462,,8511,1981,4715,,,,,,,,6925,6963,7487,1
Saliva+Vaginal.mucosa,,,,2305,3359,,6952,1282,3428,,,,,,,,4291,6370,7648,2
Saliva+Vaginal.mucosa,,,,5575,2745,,1601,1137,587,,,,,,,433,181,1810,7785,1
Saliva+Vaginal.mucosa,,,,7700,1376,,5047,2282,1086,,,,,,,,6815,1797,7338,2
Saliva+Vaginal.mucosa,,,,9001,5825,,1743,1562,653,,,,,,,955,172,2233,7207,1
Saliva+Vaginal.mucosa,,,,8118,1754,,2920,1286,584,,,,,,,,7036,1296,5766,2
Saliva+Vaginal.mucosa,,,,669,313,,8626,2470,529,,,,,,,,6486,1708,7386,1
Saliva+Vaginal.mucosa,,,,451,,,7075,1261,897,,,,,,,,7305,1353,7597,2
Saliva+Vaginal.mucosa,,,,6013,2774,,3441,2794,1316,,,,,,,475,424,3214,7066,1
Saliva+Vaginal.mucosa,,,,6291,1008,,7967,6106,3076,,,,,,,,5540,3591,6964,2
Saliva+Vaginal.mucosa,,,,1878,846,,3928,2825,1387,,,,,,,,461,2865,7381,1
Saliva+Vaginal.mucosa,,,,1452,210,,6746,3723,2127,,,,,,,,6294,2855,7499,2
Saliva+Vaginal.mucosa,,,273,1958,968,,2770,500,,,,,,,,,3463,727,2863,1
Saliva+Vaginal.mucosa,,,,3571,739,,2404,375,289,,,,,,,,4183,618,3605,2
Saliva+Vaginal.mucosa,,,,9166,6083,,470,358,169,,,,,,,1083,,1803,7556,1
Saliva+Vaginal.mucosa,,,,9181,2824,,1311,641,259,,,,,,,,2829,997,4598,2
Saliva+Vaginal.mucosa,,,165,1220,492,,5151,1162,266,,,,,,,,6818,1133,5349,1
Saliva+Vaginal.mucosa,,,,2406,448,,5604,1147,735,,,,,,,,6627,1018,7174,2
Saliva+Vaginal.mucosa,,,298,2980,2970,,8801,720,3749,,,,,,,,7290,7278,7240,1
Saliva+Vaginal.mucosa,,,173,3096,2226,,8249,1357,5569,,458,,,,,,6888,7019,6803,2
Saliva+Vaginal.mucosa,,,187,3725,3775,,7686,488,2328,,,,,,,,6796,7013,6854,1
Saliva+Vaginal.mucosa,,,,3781,2851,,6484,822,3550,,565,,,,,,5241,7038,6783,2
Saliva+Vaginal.mucosa,,,565,744,627,,8996,2949,6363,,,,,,,,6820,6894,6891,1
Saliva+Vaginal.mucosa,,,,709,969,,6580,1015,3057,,,,,,,,4661,6485,7828,2
Saliva+Vaginal.mucosa,,,613,2777,2559,,,1208,7026,,,,,,,,6154,6624,6626,1
Saliva+Vaginal.mucosa,,,280,2348,1567,,8945,2358,8069,,372,,,,,,6862,6832,6780,2
Saliva+Vaginal.mucosa,,,721,1328,1262,,8775,1334,8129,,,,,,,,5854,6659,6726,1
Saliva+Vaginal.mucosa,,,271,754,494,,8982,1916,7894,,,,,,2635,,7148,7353,6920,2
Saliva+Vaginal.mucosa,,,,2330,2258,,4234,669,1550,,,,,,,,3248,5702,7554,1
Saliva+Vaginal.mucosa,,,,2153,3405,,1836,,789,,,,,,,,1309,3435,7245,2
Saliva+Vaginal.mucosa,,,,5190,5431,,3241,296,929,,,,,,,,2213,6680,6762,1
Saliva+Vaginal.mucosa,,,,4887,3885,,3037,389,1428,,867,,,,,,1695,6744,6760,2
Saliva+Vaginal.mucosa,,,355,1537,1219,,8059,1685,3879,,,,,,,,6839,6773,7327,1
Saliva+Vaginal.mucosa,,,,1918,2764,,5406,973,2643,,,,,,,,3382,5759,7550,2
Saliva+Vaginal.mucosa,,,,4585,2261,,1367,1047,486,,,,,,,487,186,2586,7568,1
Saliva+Vaginal.mucosa,,,,7313,1284,,4552,2175,990,,,,,,,,6984,2104,7499,2
Saliva+Vaginal.mucosa,,,,7511,3749,,1093,917,397,,,,,,,674,,2170,7434,1
Saliva+Vaginal.mucosa,,,,8122,1777,,2924,1301,586,,,,,,,,7035,1486,7174,2
Saliva+Vaginal.mucosa,,,,455,193,,8095,2081,429,,,,,,,,6837,2055,7508,1
Saliva+Vaginal.mucosa,,,,952,,,4134,968,702,,,,,,,,7201,1759,7527,2
Saliva+Vaginal.mucosa,,,,4378,2023,,2434,1866,904,,,,,,,427,310,2941,7077,1
Saliva+Vaginal.mucosa,,,,5915,951,,7341,4111,1733,,,,,,,,6138,2435,7408,2
Saliva+Vaginal.mucosa,,,,1832,812,,3477,2459,1224,,,,,,,165,374,3139,7284,1
Saliva+Vaginal.mucosa,,,,967,171,,4467,2679,1332,,,,,,,,6886,2047,7486,2
Saliva+Vaginal.mucosa,,,264,1883,964,,2887,583,,,,,,,,,3350,1318,7184,1
Saliva+Vaginal.mucosa,,,,2478,579,,1624,,186,,,,,,,,3072,619,3963,2
Saliva+Vaginal.mucosa,,,,8592,4956,,420,372,,,,,,,,891,,2038,7422,1
Saliva+Vaginal.mucosa,,,,8948,2157,,3458,1059,530,,,,,,,,6491,1410,7299,2
Saliva+Vaginal.mucosa,,,156,1137,432,,4688,1102,238,,,,,,,,6508,1449,7208,1
Saliva+Vaginal.mucosa,,,,2125,404,,4868,983,635,,,,,,,,6584,1065,7257,2
Blood+Nasal.mucosa,6495,8204,1007,,7537,7940,7189,,170,,,,239,,,3847,5386,7247,6452,1
Blood+Nasal.mucosa,8140,8666,394,,8000,7745,6388,,,,,,,,,5050,1756,4964,7337,2
Blood+Nasal.mucosa,5939,7879,1410,,7168,7554,5677,,,,,,188,,,3254,6325,6725,6476,1
Blood+Nasal.mucosa,7716,9128,373,,7713,7321,5808,,,,,,,,,4426,2601,6462,6922,2
Blood+Nasal.mucosa,7363,5822,278,,8115,7191,8797,,299,,,,429,,,6550,262,4460,6597,1
Blood+Nasal.mucosa,7660,4718,,,8000,6634,7014,,,,,,,,,1746,951,2545,7366,2
Blood+Nasal.mucosa,7824,8914,518,,7685,7519,4328,,,,,,207,,,3651,3773,7106,6561,1
Blood+Nasal.mucosa,7968,7678,613,,8594,7767,8197,,,,,,,,,7478,1313,5020,6574,2
Blood+Nasal.mucosa,3884,1685,471,,8736,7615,8209,,,,,,,,,6983,277,2799,7041,2
Blood+Nasal.mucosa,5567,8702,553,,,155,,,,,,,,,,315,1179,5233,7179,1
Blood+Nasal.mucosa,5671,8864,525,,2566,1699,1901,,,,,,,,,637,3588,4635,7436,2
Blood+Nasal.mucosa,7494,8548,745,,370,703,317,,,,,,,,,349,5428,7267,7110,1
Blood+Nasal.mucosa,7916,9021,,,2577,2266,1825,,,,,,,,,1517,2708,5397,7525,2
Blood+Nasal.mucosa,6247,8747,427,,8281,7656,6388,,162,,,,224,,,3999,635,4919,6748,1
Blood+Nasal.mucosa,6406,8654,366,,6462,4262,4281,,,,,,,,,1304,2337,3734,7286,2
Blood+Nasal.mucosa,7066,5138,1350,,3350,,,,,,,,,,,6964,,4999,7192,1
Blood+Nasal.mucosa,6618,4257,1030,,5160,,,,,,,,,,,6002,,5261,7049,2
Blood+Nasal.mucosa,6181,7967,2394,,3172,,,,,,,,,,,6387,,7052,7402,1
Blood+Nasal.mucosa,5873,6401,1465,,3697,,,,,,,,,,,6383,,6940,7376,2
Blood+Nasal.mucosa,7924,1538,,,4128,,,,,,,,,,,487,,1190,2664,2
Blood+Nasal.mucosa,6914,5029,1522,,2385,,,,,,,,,,,6984,,5846,7094,1
Blood+Nasal.mucosa,7525,2818,683,,3644,,,,,,,,,,,3928,,3689,4984,2
Blood+Nasal.mucosa,6434,5710,1592,,3311,,,,,,,,,,,6639,,6091,7163,1
Blood+Nasal.mucosa,8187,979,237,,6527,,,,,,,,,,,1311,,1530,2060,2
Blood+Nasal.mucosa,5699,5053,369,,703,,,,,,,,,,,5411,,4503,6902,1
Blood+Nasal.mucosa,6512,4676,214,,574,,,,,,,,,,,1916,,3665,7138,2
Blood+Nasal.mucosa,6631,6202,1729,,3291,,,,,,,,,,,6758,,5474,7235,1
Blood+Nasal.mucosa,6796,5938,1665,,4342,,,,,,,,,,,6764,,5318,7151,1
Blood+Nasal.mucosa,7110,3443,154,,2255,,,,,,,,,,,1316,,2465,5652,2
Blood+Nasal.mucosa,8029,8173,367,,8018,7239,6146,,,,,,,,,4668,1391,4984,6661,1
Blood+Nasal.mucosa,8141,8166,306,,7371,6326,5038,,,,,,,,,3976,1475,4485,7020,1
Blood+Nasal.mucosa,7767,4822,565,,8578,7777,8027,,,,,,,,,5743,861,3287,7157,1
Blood+Nasal.mucosa,8136,5889,406,,8253,7390,6874,,,,,,,,,5558,964,4038,6706,1
Blood+Nasal.mucosa,5487,2392,565,,8578,7733,8150,,,,,,,,,7578,385,3660,6615,1
Blood+Nasal.mucosa,6842,8553,579,,7993,6421,5556,,,,,,,,,3988,1867,3876,7055,1
Blood+Nasal.mucosa,7339,4354,1222,,2199,,,,,,,,,,,7079,,4745,7522,1
Blood+Nasal.mucosa,6642,3999,984,,4352,,508,,,,,,,,,5907,,5348,7056,2
Blood+Nasal.mucosa,6127,8048,2595,,2472,,,,,,,,,,,6407,,7090,7401,1
Blood+Nasal.mucosa,5867,5960,1418,,2653,,225,,,,,,,,,6466,,6953,7380,2
Blood+Nasal.mucosa,7385,1543,153,,3717,,,,,,,,,,,1779,,1787,4570,1
Blood+Nasal.mucosa,8065,1165,,,2195,,169,,,,,,,,,626,,1445,6563,2
Blood+Nasal.mucosa,7619,3357,1056,,3607,,,,,,,,,,,7030,,4035,7140,1
Blood+Nasal.mucosa,7473,2336,580,,4869,,179,,,,,,,,,3347,,3457,7238,2
Blood+Nasal.mucosa,7527,2040,579,,7550,,,,,,,,,,,3663,,2434,5265,1
Blood+Nasal.mucosa,7918,837,210,,5390,,192,,,,,,,,,1386,,1772,6664,2
Blood+Nasal.mucosa,5466,5269,419,,687,,,,,,,,,,,5740,,4701,7284,1
Blood+Nasal.mucosa,6457,3911,196,,479,,169,,,,,,,,,1882,,3606,7430,2
Blood+Nasal.mucosa,5439,7615,1824,,526,,272,,,,,,,,,6288,,7103,7121,2
Blood+Nasal.mucosa,6505,3086,280,,4225,,,,,,,,,,,3801,,3163,6392,1
Blood+Nasal.mucosa,7253,2924,,,2044,,172,,,,,,,,,1338,,2469,7268,2
Nasal.mucosa+Saliva,190,,,8841,7932,1301,403,,,,,,,,,249,298,6835,6748,1
Nasal.mucosa+Saliva,173,,,8891,7754,1384,,,,,,,,,,1723,,7151,6539,2
Nasal.mucosa+Saliva,289,,,8254,7623,1649,328,,,,,,,,,166,439,6876,6265,1
Nasal.mucosa+Saliva,,,,8622,8048,865,,,,,,,,,,1069,,7048,6725,2
Nasal.mucosa+Saliva,,,518,8045,8334,703,,,,,,,,,,473,,3206,7360,1
Nasal.mucosa+Saliva,,,,4228,8298,,,,,,,,,,,1311,,1827,4951,2
Nasal.mucosa+Saliva,,,,9261,8486,852,295,,,,,,,,,207,221,5163,6842,1
Nasal.mucosa+Saliva,,,,8924,7839,1991,,,,,,,,,,2402,,7062,6707,2
Nasal.mucosa+Saliva,,,,4492,8703,844,527,,,,,,,,,344,,5728,6477,1
Nasal.mucosa+Saliva,,,,4795,7825,2152,,,,,,,,,,2763,,7380,7366,2
Nasal.mucosa+Saliva,,,,8475,8249,174,,,,,,,,,,,,1863,6958,1
Nasal.mucosa+Saliva,,,,8982,8605,,,,,,,,,,,319,,1036,7508,2
Nasal.mucosa+Saliva,354,,,8382,8031,1009,,,,,,,,,,,456,4812,6458,1
Nasal.mucosa+Saliva,,,,8017,7761,323,,,,,,,,,,342,,5633,6362,2
Nasal.mucosa+Saliva,,,237,8949,8347,317,,,,,,,,,,195,,2014,7154,1
Nasal.mucosa+Saliva,,,,8812,8385,,,,,,,,,,,1210,,1842,7536,2
Nasal.mucosa+Saliva,,,161,393,8167,,1492,,,,,,,,,,2564,7346,7099,1
Nasal.mucosa+Saliva,,,503,1284,8539,427,2111,,,,,,,,,,2235,7107,7152,2
Nasal.mucosa+Saliva,,,,584,7552,,1129,,,,,,,,,,2054,6406,7344,1
Nasal.mucosa+Saliva,,,169,1418,6354,,808,,,,,,,,,,1004,4666,7259,2
Nasal.mucosa+Saliva,,,719,565,8342,,,,,,,,,,,,1900,6880,2823,1
Nasal.mucosa+Saliva,,,268,205,7151,287,296,,,,,,,,,,1232,3465,1370,2
Nasal.mucosa+Saliva,,,234,337,8479,,1948,,,,,,,,,,3629,7213,6388,1
Nasal.mucosa+Saliva,,,591,776,8450,549,2479,,,,,,,,,,2592,7001,7308,2
Nasal.mucosa+Saliva,,,265,,8501,,2495,,,,,,,,,,4189,7298,3971,1
Nasal.mucosa+Saliva,,,516,284,8844,472,2255,,,,,,,,,,2599,7166,4439,2
Nasal.mucosa+Saliva,,,,2254,2521,,,,,,,,,,,,615,2268,4679,1
Nasal.mucosa+Saliva,,,,680,1928,,,,,,,,,,,,269,1366,2317,2
Nasal.mucosa+Saliva,,,,644,4830,,605,,,,,,,,,,1217,4200,7350,1
Nasal.mucosa+Saliva,,,,2367,3658,,327,,,,,,,,,,499,4460,6788,2
Nasal.mucosa+Saliva,,,330,1287,4961,,,,,,,,,,,,1062,3783,3248,1
Nasal.mucosa+Saliva,,,353,702,7518,366,318,,,,,,,,,,1065,3828,3405,2
Nasal.mucosa+Saliva,,,,591,8193,466,289,,,,,,,,,234,,3673,5708,1
Nasal.mucosa+Saliva,,,,9252,8140,994,,,,,,,,,,1262,,7112,7118,2
Nasal.mucosa+Saliva,219,,,8792,8057,916,235,,,,,,,,,196,283,5436,6709,1
Nasal.mucosa+Saliva,,,,8865,8283,717,,,,,,,,,,901,,6277,6569,2
Nasal.mucosa+Saliva,,,486,,8464,673,,,,,,,,,,443,,3096,4117,1
Nasal.mucosa+Saliva,,,,4442,7557,,,,,,,,,,,1098,,1746,6733,2
Nasal.mucosa+Saliva,,,,178,8020,319,233,,,,,,,,,162,,2476,1798,1
Nasal.mucosa+Saliva,,,,7140,8588,989,,,,,,,,,,1348,,6488,7438,2
Nasal.mucosa+Saliva,,,,,1477,,,,,,,,,,,,,245,,1
Nasal.mucosa+Saliva,,,,3133,8519,1329,,,,,,,,,,1728,,7173,7195,2
Nasal.mucosa+Saliva,,,,8518,8233,,,,,,,,,,,,,1747,6694,1
Nasal.mucosa+Saliva,,,,9013,8224,,,,,,,,,,,338,,1383,7077,2
Nasal.mucosa+Saliva,,,,8991,8324,,,,,,,,,,,,,2517,7111,2
Nasal.mucosa+Saliva,,,,7492,8024,,,,,,,,,,,716,,1386,7259,2
Nasal.mucosa+Saliva,,,,440,901,,,,,,,,,,,,249,1167,5584,1
Nasal.mucosa+Saliva,,,362,1211,7568,323,1880,,,,,,,,,,1626,6987,6768,2
Nasal.mucosa+Saliva,,,,541,7067,,858,,,,,,,,,,1646,5122,7206,1
Nasal.mucosa+Saliva,,,162,1168,6133,153,894,,,,,,,,,,950,4686,7339,2
Nasal.mucosa+Saliva,,,218,234,5593,243,305,,,,,,,,,,988,3357,4346,2
Nasal.mucosa+Saliva,,,,735,391,,,,,,,,,,,,,1468,7258,2
Nasal.mucosa+Saliva,,,244,,8716,,2123,,,,,,,,,,3545,7292,3925,1
Nasal.mucosa+Saliva,,,169,,8426,,1673,,,,,,,,,,2831,7300,5253,2
Nasal.mucosa+Saliva,,,,1094,1737,,,,,,,,,,,,375,1234,2123,1
Nasal.mucosa+Saliva,,,,1087,285,,,,,,,,,,,,,1378,7062,2
Nasal.mucosa+Saliva,,,,954,3932,,457,,,,,,,,,,1010,4163,7436,1
Nasal.mucosa+Saliva,,,,2433,3676,,460,,,,,,,,,,474,5178,6918,2
Nasal.mucosa+Saliva,,,,931,264,,,,,,,,,,,,,1317,7114,2
Vaginal.mucosa+Blood,6241,8611,639,,,,7802,320,,,,,,,,,5197,7113,7418,1
Vaginal.mucosa+Blood,7473,2293,,,,,8337,380,,,,,,,,,3429,3763,7249,1
Vaginal.mucosa+Blood,7417,6708,366,,,,8738,676,,,,,,,,,6855,6967,7342,2
Vaginal.mucosa+Blood,2228,348,,,,,4427,207,,,,,,,,,1991,1926,2593,2
Vaginal.mucosa+Blood,6752,3994,,,,,1794,,,,,,,,,,1658,2687,5677,2
Vaginal.mucosa+Blood,5593,8911,983,,,,1103,,,,,,,,,251,6835,7097,7188,2
Vaginal.mucosa+Blood,7052,3383,,,,,3547,,,,,,,,,159,2573,3020,6536,1
Vaginal.mucosa+Blood,7063,3009,,,,,5967,212,,,,,,,,,1906,2716,5384,2
Vaginal.mucosa+Blood,6857,7873,867,,,,8446,511,221,,,,,,,6977,6809,7157,7732,1
Vaginal.mucosa+Blood,6544,8265,306,,,,7876,,150,,,,,,,7037,6236,6944,7176,2
Vaginal.mucosa+Blood,6411,8464,1178,,,,5504,220,,,,,,,,6933,4312,7138,7300,1
Vaginal.mucosa+Blood,6024,8388,290,,,,4179,,,,,,,,,6766,2964,7090,7291,2
Vaginal.mucosa+Blood,8335,1195,,,,,1397,,,,,,,,,683,2586,1760,3788,2
Vaginal.mucosa+Blood,7741,5164,614,,,,5503,246,,,,,,,,5778,5028,6455,7399,1
Vaginal.mucosa+Blood,7626,4834,,,,,7974,,,,,,,,,4692,6577,6398,7455,2
Vaginal.mucosa+Blood,6835,7440,806,,,,6016,242,,,,,,,,7181,4872,7064,7481,1
Vaginal.mucosa+Blood,8410,1946,,,,,8061,,,,,,,,,1877,6771,4007,7035,2
Vaginal.mucosa+Blood,5618,6483,,,,,1271,,,,,,,,,3903,909,4707,7494,1
Vaginal.mucosa+Blood,6447,5275,352,,,,331,,,,,,,,,2913,496,3101,7279,2
Vaginal.mucosa+Blood,6207,8652,1298,,,,2157,,,,,,,,,6926,1626,7207,7319,1
Vaginal.mucosa+Blood,7275,2586,,,,,401,,,,,,,,,1892,369,2448,5227,1
Vaginal.mucosa+Blood,7199,3449,217,,,,1246,,,,,,,,,1850,1984,2616,6991,2
Menstrual.secretion+Blood,6454,7264,1157,,,,5734,2380,2870,155,1815,287,,,,6909,6439,7199,7483,1
Menstrual.secretion+Blood,6021,7880,498,,,,5717,3188,3908,217,1798,358,,,,7000,5922,6761,7183,2
Menstrual.secretion+Blood,6115,8184,1348,,,,3783,1581,1905,,1189,208,,,,6922,6738,7176,7165,1
Menstrual.secretion+Blood,5181,8967,554,,,,3709,2047,2457,,1147,217,,,,6396,6688,6919,6811,2
Menstrual.secretion+Blood,6849,2092,,,,,5994,1990,3583,186,1744,276,,,,1380,6480,6533,7405,1
Menstrual.secretion+Blood,7351,924,,,,,6411,1903,2034,,2012,276,,,,510,7007,7267,7753,2
Menstrual.secretion+Blood,7113,3187,843,,,,6663,3074,3167,175,1981,316,,,,3565,5897,6933,7234,1
Menstrual.secretion+Blood,6832,6438,423,,,,5212,2970,3588,202,1708,311,,,,6309,5958,6847,7002,2
Menstrual.secretion+Blood,7969,935,474,,,,6416,3039,2670,,1645,239,,,,893,6356,6997,7351,1
Menstrual.secretion+Blood,7992,1153,249,,,,5610,3355,3275,179,1500,286,,,,1093,6367,7167,7530,2
Menstrual.secretion+Blood,5200,6946,,,,,1375,433,800,,388,,,,,4171,3574,6609,7478,1
Menstrual.secretion+Blood,6335,3869,258,,,,2207,628,742,,735,,,,,2283,5433,5317,7389,2
Menstrual.secretion+Blood,5989,8752,1539,,,,1463,628,754,,475,,,,,6802,5146,7298,7169,1
Menstrual.secretion+Blood,5055,8934,629,,,,1069,675,729,,338,,,,,6144,3596,7192,7253,2
Menstrual.secretion+Blood,6476,3533,,,,,2901,1104,1932,,946,,,,,2436,6804,6603,7616,1
Menstrual.secretion+Blood,6505,3645,232,,,,5460,2291,2113,,2098,324,,,,1907,6738,6660,7435,2
Menstrual.secretion+Blood,6184,6186,751,,,,8858,4028,,539,1253,1650,,,,5364,6701,6973,7237,1
Menstrual.secretion+Blood,6516,6003,290,,,,8583,1575,,,367,1253,,,,6250,6956,5977,7243,2
Menstrual.secretion+Blood,5634,8122,1173,,,,9025,3176,,395,885,1291,,,,6724,6687,6927,6929,1
Menstrual.secretion+Blood,5406,8631,412,,,,8360,1281,,,326,1065,,,,6548,6934,6933,6995,2
Menstrual.secretion+Blood,4920,3038,2786,,,,8578,6652,,2123,1681,2948,,,,1347,5731,6253,6562,1
Menstrual.secretion+Blood,8025,752,,,,,8195,1635,,295,1631,1490,,,,263,7086,2093,7678,2
Menstrual.secretion+Blood,6261,3338,373,,,,8668,5077,,616,1333,2074,,,,3139,6036,6280,6804,1
Menstrual.secretion+Blood,7255,2700,405,,,,8980,2142,,206,544,1678,,,,3918,6585,4236,7465,2
Menstrual.secretion+Blood,5759,182,,,,,3716,698,,,,155,,,,151,2205,516,2097,1
Menstrual.secretion+Blood,8009,888,272,,,,8974,2579,,213,564,1761,,,,1049,6625,2566,7419,2
Menstrual.secretion+Blood,5147,5063,525,,,,5785,950,,361,290,535,,,,3177,4596,5136,7295,1
Menstrual.secretion+Blood,6412,3734,242,,,,3494,538,,,703,722,,,,2213,2633,2969,7402,2
Menstrual.secretion+Blood,5093,8939,608,,,,4869,660,,,168,578,,,,6175,4206,7159,6909,2
Menstrual.secretion+Blood,5824,3043,1169,,,,8532,2387,,849,676,1189,,,,1978,6698,5323,6853,1
Menstrual.secretion+Blood,6555,3736,202,,,,8844,3100,,607,3439,3373,,,,1699,6545,4192,7083,2
